,Address,Fire.alarm
1,0 block academy st,1
2,0 block ackerman ave,2
3,0 block adams st e,4
4,0 block almond st,1
5,0 block amidon dr,14
6,0 block arnts pl,1
7,0 block arsenal dr,1
8,0 block atkinson ave,1
9,0 block avery ave,2
10,0 block avoca st,1
11,0 block barrington rd,2
12,0 block beech st n,2
13,0 block beecher st,1
14,0 block belden ave,3
15,0 block bellevue ave,14
16,0 block bernie blake dr,1
17,0 block berwyn ave,1
18,0 block blossom rd,3
19,0 block boise dr,4
20,0 block bradley st,1
21,0 block brighton pl,3
22,0 block bristol pl,1
23,0 block broadview dr,1
24,0 block bronson st,1
25,0 block bruce st,1
26,0 block bungalow ter,1
27,0 block burnet ave,2
28,0 block burten st,2
29,0 block butternut st,8
30,0 block canal st,2
31,0 block carbon st,3
32,0 block carbon st s,3
33,0 block carlisle st,1
34,0 block centennial dr,1
35,0 block childrens cir,1
36,0 block childrens cir e,1
37,0 block city crossroads dr,1
38,0 block claire rd,3
39,0 block cleveland ave,1
40,0 block clinton st n,4
41,0 block clinton st s,14
42,0 block col eileen collins blvd,91
43,0 block college pl,23
44,0 block colvin st,2
45,0 block colvin st e,2
46,0 block comstock ave,4
47,0 block concord pl,1
48,0 block conifer dr,1
49,0 block conservation pl,4
50,0 block cordova st,1
51,0 block costello ct,1
52,0 block court st,9
53,0 block coykendall ave,2
54,0 block crippen pl,2
55,0 block croly st,32
56,0 block crouse dr,3
57,0 block culbert st,3
58,0 block dablon ct,1
59,0 block danforth st,3
60,0 block danforth ter,1
61,0 block delong ave,3
62,0 block demong dr,1
63,0 block destiny usa dr,39
64,0 block dewitt rd,2
65,0 block diana ave,1
66,0 block dickerson st,1
67,0 block division st,1
68,0 block douglas st,2
69,0 block dupli park dr,1
70,0 block eastman ave,2
71,0 block edmund ave,1
72,0 block edtim rd,2
73,0 block edwards ave s,1
74,0 block eliz.blackwell st,2
75,0 block elk st,2
76,0 block elliott st,1
77,0 block emerson ave,3
78,0 block erie blvd e,1
79,0 block erie blvd w,1
80,0 block erie st,1
81,0 block euclid ave,6
82,0 block eureka st,1
83,0 block fage ave,1
84,0 block fairfield ave,1
85,0 block farm acre rd,1
86,0 block fayette st,9
87,0 block fayette st e,4
88,0 block first north st,7
89,0 block fish ave,1
90,0 block fitch st,1
91,0 block fountain st,4
92,0 block foxboro rd,3
93,0 block gannett ave,2
94,0 block geddes st n,1
95,0 block geddes st s,4
96,0 block genesee st,19
97,0 block genesee st e,15
98,0 block gere ave,1
99,0 block gertrude st,1
100,0 block gilbert ave,1
101,0 block giminski dr,1
102,0 block glahn ave,2
103,0 block glencove rd,1
104,0 block gordon ave,1
105,0 block grand ave,1
106,0 block grape ter,1
107,0 block gray ave,1
108,0 block green street pl,2
109,0 block greenwood pl,1
110,0 block griffin st,1
111,0 block haffenden rd,1
112,0 block harding st,1
113,0 block harford rd,1
114,0 block harrison st,8
115,0 block hartley st,1
116,0 block hartson st,2
117,0 block hatch st,1
118,0 block hawley ave,1
119,0 block helen st,1
120,0 block hensberry rd,1
121,0 block herbert st,2
122,0 block herbst ave,1
123,0 block herkimer st,1
124,0 block hiawatha blvd w,1
125,0 block hier ave,1
126,0 block highland pl,3
127,0 block highland st,4
128,0 block hillcrest rd,1
129,0 block hilltop rd,1
130,0 block hobart ave,1
131,0 block holden st,2
132,0 block hope ave,1
133,0 block hughes pl n,2
134,0 block hunter ave,2
135,0 block hurlburt rd,1
136,0 block huron st,1
137,0 block intrepid ln,2
138,0 block irving ave,18
139,0 block ivy ridge rd,1
140,0 block james st,18
141,0 block jamesville ave,1
142,0 block jasper pl,9
143,0 block jean ave,1
144,0 block jefferson st,3
145,0 block jericho dr,1
146,0 block john st,1
147,0 block judson st,1
148,0 block kennedy st e,13
149,0 block kensington pl,1
150,0 block kirkpatrick st,1
151,0 block kirkwood pl,2
152,0 block kline st,1
153,0 block knaul st,1
154,0 block lacy pl,3
155,0 block lafayette rd,9
156,0 block lamson st,1
157,0 block lancaster ave,3
158,0 block landon ave,1
159,0 block latimer ter,1
160,0 block latter dr,1
161,0 block lawrence st,1
162,0 block lea ln,2
163,0 block light ct,1
164,0 block linwill ter,6
165,0 block lodi st,4
166,0 block loehr ave,1
167,0 block loma ave,1
168,0 block lombard ave,1
169,0 block longmeadow dr,1
170,0 block lydell st,1
171,0 block madison st,10
172,0 block malcolm st,1
173,0 block maple ter,2
174,0 block marcellus st,3
175,0 block marlett st,2
176,0 block marshall st,1
177,0 block mary st,3
178,0 block mcallister ave,1
179,0 block mcbride st n,11
180,0 block mcbride st s,9
181,0 block medora pl,1
182,0 block melrose ave,1
183,0 block merz ave,1
184,0 block midland ave,1
185,0 block milton ave,1
186,0 block montgomery st,9
187,0 block mooney ave,2
188,0 block mount olympus dr,32
189,0 block mulberry ter,1
190,0 block munson dr,3
191,0 block murray ave,1
192,0 block neutral ct,4
193,0 block oak pl,3
194,0 block oak st,2
195,0 block oakley dr e,1
196,0 block olive st,1
197,0 block onondaga st,3
198,0 block onondaga st e,44
199,0 block oriskany dr,1
200,0 block otisco st,2
201,0 block park ave,3
202,0 block park st,14
203,0 block parkview ave,1
204,0 block pastime dr,3
205,0 block pattison st,1
206,0 block polk st,1
207,0 block pond ln,2
208,0 block pond st,6
209,0 block pulaski st,1
210,0 block randall ave,1
211,0 block richmond ave,3
212,0 block rider ave,2
213,0 block riverdale dr,2
214,0 block roberts ave,1
215,0 block rockwood rd,2
216,0 block roney ln,65
217,0 block rosewood st,1
218,0 block rugby rd,1
219,0 block sabine st,4
220,0 block salina st n,12
221,0 block sarah loguen st,3
222,0 block schiller ave,3
223,0 block scott ave,1
224,0 block scottholm ter,1
225,0 block second north st,3
226,0 block sedgwick dr,2
227,0 block shelbourne pl,1
228,0 block sheldon ave,1
229,0 block sheridan pl,2
230,0 block shirley dr,1
231,0 block simon dr,1
232,0 block sims dr,3
233,0 block smith dr,5
234,0 block smith ln,30
235,0 block solar st,1
236,0 block spring st,4
237,0 block st anne dr,1
238,0 block st louis ave,1
239,0 block state st n,5
240,0 block state st s,3
241,0 block steuben st,1
242,0 block stewart ct,1
243,0 block stinard ave,1
244,0 block stone ct,1
245,0 block strand pl,3
246,0 block sunnycrest rd,7
247,0 block sunset ave,1
248,0 block teall ave,4
249,0 block thurgood ter,1
250,0 block townsend pl,1
251,0 block townsend st n,5
252,0 block townsend st s,6
253,0 block turtle st,2
254,0 block tyler ct,1
255,0 block tyson pl,3
256,0 block union ave,7
257,0 block upland rd,1
258,0 block valley dr,1
259,0 block victoria pl,2
260,0 block village dr,2
261,0 block village drive ext,1
262,0 block wadsworth st,2
263,0 block wall st,1
264,0 block walnut ave,1
265,0 block walnut pl,2
266,0 block walsh cir,4
267,0 block walton st,1
268,0 block warren st s,8
269,0 block washington st,1
270,0 block washington st e,1
271,0 block waverly ave,2
272,0 block wayne st,1
273,0 block weiser ct,1
274,0 block wendell ter,1
275,0 block westminster ave,1
276,0 block westmoreland ave,1
277,0 block whittier ave,1
278,0 block whitwell dr,4
279,0 block will ct,1
280,0 block willis ave,1
281,0 block williston ave,1
282,0 block wolf st,3
283,0 block wood ave,4
284,0 block woodbine ave,10
285,100 block academy green,1
286,100 block adams st e,1
287,100 block albert ter,1
288,100 block almond st,42
289,100 block alvord st s,1
290,100 block ames ave,1
291,100 block amherst ave,1
292,100 block amidon dr,2
293,100 block annetta st,3
294,100 block arnts pl,1
295,100 block arsenal dr,1
296,100 block ashdale ave,1
297,100 block avery ave,3
298,100 block baldwin ave,1
299,100 block ball cir,1
300,100 block beard ave,1
301,100 block beecher st,1
302,100 block belden ave,1
303,100 block bellevue ave,7
304,100 block benedict ave,2
305,100 block berger ave,1
306,100 block berkshire ave,1
307,100 block berwyn ave,2
308,100 block beverly rd,2
309,100 block bishop ave,1
310,100 block bissell st,1
311,100 block bissell st e,1
312,100 block blaine st,1
313,100 block blossom rd,8
314,100 block brace st,2
315,100 block bradford ct,1
316,100 block bradford st,2
317,100 block bradley st,2
318,100 block briggs st,1
319,100 block brooklea pl,1
320,100 block bryant ave,1
321,100 block bungalow ter,1
322,100 block burnet ave,3
323,100 block burnet park dr,1
324,100 block butternut st,20
325,100 block cadillac st,1
326,100 block calthrop ave,2
327,100 block canal st,1
328,100 block candee ave,4
329,100 block cannon st,2
330,100 block carbon st,2
331,100 block carbon st s,1
332,100 block carlisle st,1
333,100 block centennial dr,4
334,100 block charlotte st,1
335,100 block cheney st,4
336,100 block circle rd,1
337,100 block claire rd,5
338,100 block clarendon st,1
339,100 block college pl,11
340,100 block colvin st e,6
341,100 block comstock ave,1
342,100 block conklin ave,1
343,100 block cook ave,1
344,100 block coral ave,1
345,100 block cordova st,1
346,100 block cornell ave,1
347,100 block cortland pl,1
348,100 block court st,7
349,100 block coykendall ave,1
350,100 block crippen ave,4
351,100 block crippen pl,7
352,100 block crouse dr,9
353,100 block culbert st,4
354,100 block cumberland ave,1
355,100 block dearborn pl,3
356,100 block dell st,2
357,100 block delray ave,1
358,100 block dickerson st,22
359,100 block didama st,1
360,100 block doll pkwy,2
361,100 block durston ave,1
362,100 block edgehill rd,1
363,100 block edtim rd,13
364,100 block edwards ave n,1
365,100 block elliott st,1
366,100 block elmhurst ave,4
367,100 block elmwood ave,1
368,100 block erie blvd w,1
369,100 block erie st,1
370,100 block essex st,1
371,100 block euclid ave,3
372,100 block eureka st,2
373,100 block fage ave,1
374,100 block fairdale ave,1
375,100 block fairfield ave,1
376,100 block fairview ave,2
377,100 block fayette st,5
378,100 block fayette st e,5
379,100 block first north st,2
380,100 block fitch st,1
381,100 block fobes ave,3
382,100 block fordham rd,2
383,100 block fountain st,1
384,100 block franklin st s,1
385,100 block frisbie ct,1
386,100 block furman st,1
387,100 block gebhardt ave,2
388,100 block geddes st s,4
389,100 block genesee park dr,1
390,100 block genesee st,8
391,100 block genesee st e,2
392,100 block gere ave,1
393,100 block gertrude st,3
394,100 block gifford st,4
395,100 block glen ave,1
396,100 block glen ave e,1
397,100 block glencove rd n,2
398,100 block glencove rd s,1
399,100 block glenwood ave,7
400,100 block gordon ave,1
401,100 block grand ave,1
402,100 block grant blvd,6
403,100 block gray ave,3
404,100 block green st,8
405,100 block greenland dr,2
406,100 block grumbach ave,1
407,100 block harding pl,1
408,100 block harrison st,1
409,100 block hartson st,9
410,100 block hasbrouck st,1
411,100 block hatch st,1
412,100 block hawley ave,3
413,100 block hier ave,1
414,100 block highland st,4
415,100 block hillsboro pkwy,1
416,100 block hillsdale ave,2
417,100 block hobart ave,1
418,100 block hope ave,1
419,100 block hovey st,1
420,100 block ivy ridge rd,2
421,100 block james st,9
422,100 block jamesville ave,6
423,100 block jasper st,1
424,100 block jefferson st e,5
425,100 block john st,5
426,100 block josephine st,1
427,100 block kellogg st,3
428,100 block kenmore ave,1
429,100 block kennedy st,1
430,100 block kirk ave,1
431,100 block lafayette ave,3
432,100 block lafayette ave e,1
433,100 block lafayette rd,6
434,100 block lamson st,2
435,100 block lancaster ave,6
436,100 block larned st,1
437,100 block lawrence st,3
438,100 block lemoyne ave,5
439,100 block light ct,1
440,100 block lilac st,3
441,100 block lincoln ave,2
442,100 block linwill ter,2
443,100 block lodi st,1
444,100 block loehr ave,1
445,100 block lynhurst ave,2
446,100 block madison st,7
447,100 block magnolia st,1
448,100 block malcolm st,1
449,100 block malverne dr,1
450,100 block manor dr,1
451,100 block maple ter,1
452,100 block markland ave,1
453,100 block marshall st,8
454,100 block martin luther king e,7
455,100 block martin luther king w,12
456,100 block martin st,2
457,100 block mary st,2
458,100 block mather st,1
459,100 block maurice ave,2
460,100 block mayar st,2
461,100 block mcbride st n,1
462,100 block mcbride st s,1
463,100 block mclennan ave,5
464,100 block meadowbrook dr,1
465,100 block melrose ave,1
466,100 block midland ave,2
467,100 block milburn dr,1
468,100 block mildred ave,1
469,100 block miles ave,2
470,100 block milton ave,15
471,100 block minerva st,2
472,100 block mitchell ave,1
473,100 block monroe st,2
474,100 block monticello dr n,1
475,100 block morgan ave,1
476,100 block nelson st,1
477,100 block newbury hollow ln,2
478,100 block newell st,1
479,100 block nichols ave,1
480,100 block niven st,2
481,100 block normanor dr,2
482,100 block oak st,3
483,100 block oakdale dr,5
484,100 block olive st,2
485,100 block onondaga ave,3
486,100 block onondaga st,9
487,100 block orlando ave,1
488,100 block ostrander ave,1
489,100 block palmer ave,1
490,100 block park st,6
491,100 block parkview ave,1
492,100 block parkway dr,2
493,100 block pattison st,1
494,100 block paul ave,1
495,100 block peck ave,4
496,100 block pennsylvania ave,1
497,100 block pershing ave,2
498,100 block pleasant ave,2
499,100 block polk st,1
500,100 block pond ln,1
501,100 block pond st,2
502,100 block putnam st,1
503,100 block radisson ct,3
504,100 block redfield pl,1
505,100 block richardson ave,3
506,100 block rider ave,2
507,100 block riverdale dr,3
508,100 block rockwood pl,1
509,100 block rose ave,1
510,100 block rosemont dr,1
511,100 block rugby rd,1
512,100 block sabine st,2
513,100 block salina st n,8
514,100 block salina st s,9
515,100 block salt springs rd,15
516,100 block schiller ave,11
517,100 block schoeck ave,1
518,100 block schoeneck ct,1
519,100 block scottholm ter,1
520,100 block sedgwick rd,2
521,100 block sedgwick st,2
522,100 block seeley ave,2
523,100 block seneca dr,3
524,100 block seneca tpke,63
525,100 block seventh north st,2
526,100 block seward st,3
527,100 block sheridan pl,1
528,100 block shotwell park,4
529,100 block simon dr,6
530,100 block sims dr,15
531,100 block slayton ave,1
532,100 block smith dr,4
533,100 block south ave,4
534,100 block spring st,8
535,100 block springfield rd,7
536,100 block st louis ave,3
537,100 block stafford ave,1
538,100 block state fair blvd,3
539,100 block state st n,1
540,100 block state st s,2
541,100 block stinard ave,1
542,100 block stolp ave,4
543,100 block teall ave,7
544,100 block tejah ave,2
545,100 block townsend pl,1
546,100 block tyler ct,3
547,100 block vann st,2
548,100 block victoria pl,1
549,100 block village dr,1
550,100 block wadsworth st,8
551,100 block wall st,1
552,100 block walton st,5
553,100 block warham st,3
554,100 block warrington rd,2
555,100 block washington sq,1
556,100 block water st e,5
557,100 block weiser ct,1
558,100 block wendell ter,1
559,100 block westcott st,1
560,100 block westmoreland ave,1
561,100 block whittier ave,2
562,100 block willis ave,2
563,100 block willumae dr,1
564,100 block wiman ave,1
565,100 block winding ridge rd,1
566,100 block winthrop rd,1
567,100 block wolcott ter,1
568,100 block wolf st,9
569,100 block woodlawn ter,1
570,100 block woodruff ave,1
571,1000 block academy green,1
572,1000 block adams st e,47
573,1000 block allen st,2
574,1000 block alvord st n,7
575,1000 block ash st,6
576,1000 block avery ave,2
577,1000 block ballantyne rd,2
578,1000 block barnes ave,1
579,1000 block bear st,2
580,1000 block beech st s,5
581,1000 block belden ave,4
582,1000 block bellevue ave,2
583,1000 block blk park st,1
584,1000 block brighton ave,1
585,1000 block brighton ave e,113
586,1000 block burnet ave,4
587,1000 block butternut st,14
588,1000 block catherine st,3
589,1000 block centennial dr,6
590,1000 block clinton st n,8
591,1000 block colvin st,3
592,1000 block comstock ave,45
593,1000 block court st,4
594,1000 block crawford ave,3
595,1000 block crouse ave s,13
596,1000 block danforth st,8
597,1000 block darlington rd,1
598,1000 block division st e,2
599,1000 block emerson ave,13
600,1000 block erie blvd e,5
601,1000 block erie blvd w,5
602,1000 block euclid ave,1
603,1000 block fayette st e,3
604,1000 block first north st,2
605,1000 block geddes st n,3
606,1000 block geddes st s,3
607,1000 block geddes st to eb i 690 ramp n,1
608,1000 block genesee st,1
609,1000 block genesee st e,23
610,1000 block glenwood ave,2
611,1000 block harrison st,1
612,1000 block hawley ave,4
613,1000 block hazelwood ave,3
614,1000 block hiawatha blvd e,2
615,1000 block hiawatha blvd w,1
616,1000 block hickory st,11
617,1000 block highland st,5
618,1000 block irving ave,49
619,1000 block ivy ridge rd,1
620,1000 block james st,142
621,1000 block kirkpatrick st,8
622,1000 block lancaster ave,4
623,1000 block laurel st e,1
624,1000 block lemoyne ave,5
625,1000 block livingston ave,3
626,1000 block lodi st,30
627,1000 block madison st,4
628,1000 block marcellus st,3
629,1000 block maryland ave,1
630,1000 block mcbride st n,3
631,1000 block milton ave,6
632,1000 block mountainview ave,1
633,1000 block nb i 81,3
634,1000 block nb i 81 to eb i 690,1
635,1000 block oak st,6
636,1000 block onondaga st,22
637,1000 block ostrom ave,2
638,1000 block oswego st,1
639,1000 block otisco st,1
640,1000 block park ave,2
641,1000 block park st,15
642,1000 block pond st,18
643,1000 block salina st n,7
644,1000 block salina st s,32
645,1000 block salt springs rd,39
646,1000 block sb i 81,2
647,1000 block second north st,3
648,1000 block seeley rd,2
649,1000 block seneca tpke,1
650,1000 block south ave,4
651,1000 block spring st,3
652,1000 block state st s,4
653,1000 block stinard ave,2
654,1000 block summit ave,1
655,1000 block sumner ave,1
656,1000 block tallman st,1
657,1000 block teall ave,6
658,1000 block townsend st n,6
659,1000 block tully st,1
660,1000 block university ave,24
661,1000 block valley dr,3
662,1000 block velasko rd,1
663,1000 block wadsworth st,8
664,1000 block walnut ave,13
665,1000 block warren st s,9
666,1000 block washington st e,4
667,1000 block west st s,1
668,1000 block westcott st,3
669,1000 block westmoreland ave,3
670,1000 block wilbur ave s,1
671,1000 block will ct,1
672,1000 block willis ave,4
673,1000 block willow st e,55
674,1000 block winton st,2
675,1000 block wolf st,3
676,1100 block ,2
677,1100 block ackerman ave,5
678,1100 block adams st  at almond st e,1
679,1100 block adams st  at e,1
680,1100 block adams st  at monroe st e,1
681,1100 block adams st  at s crouse av e,2
682,1100 block adams st  at s salina st e,1
683,1100 block adams st  at sarah loguen st e,1
684,1100 block ainsley dr  at jamesville av,1
685,1100 block albert rd  at demong dr,1
686,1100 block albert rd  at salt springs rd,1
687,1100 block almond st  at erie blvd e,1
688,1100 block alvord st  at beecher st s,1
689,1100 block alvord st  at danforth st n,2
690,1100 block alvord st  at e laurel st s,2
691,1100 block alvord st  at john st s,1
692,1100 block alvord st n,2
693,1100 block ash st  at lodi st,1
694,1100 block ash st  at n state st,1
695,1100 block ash st at,1
696,1100 block avery ave,5
697,1100 block avery ave  at morgan av,1
698,1100 block avon rd  at nichols av,1
699,1100 block bank aly  at e jefferson st,1
700,1100 block bear st  at genant dr,3
701,1100 block bear st  at solar st,1
702,1100 block bear st  at spencer st,2
703,1100 block bear st  at sunset av,1
704,1100 block beattie st  at salt springs rd,1
705,1100 block beecher st  at jasper st,1
706,1100 block belden ave,2
707,1100 block belden ave  at n geddes st,1
708,1100 block bellevue ave,4
709,1100 block bellevue ave  at lincoln av,1
710,1100 block bellevue ave  at onondaga av,1
711,1100 block bellevue ave  at s geddes st,1
712,1100 block bellevue ave  at sterling av,1
713,1100 block bennington dr  at menlo dr,1
714,1100 block berkeley dr  at terrace rd,1
715,1100 block boyden st  at teall av,1
716,1100 block brighton ave  at ainsley dr e,1
717,1100 block brighton ave  at e,1
718,1100 block brighton ave  at intrepid ln e,1
719,1100 block brighton ave  at midland av,2
720,1100 block brighton ave  at rock cut rd e,3
721,1100 block brighton ave  at thurber st e,1
722,1100 block brighton ave e,44
723,1100 block burdick ave  at court st,1
724,1100 block burnet ave,3
725,1100 block burnet ave  at burns av,1
726,1100 block burnet ave  at erickson st,1
727,1100 block burnet ave  at n beech st,1
728,1100 block burnet ave  at n crouse av,1
729,1100 block burnet ave  at peat st,1
730,1100 block burt st  at pavilion ter,1
731,1100 block burt st  at s mcbride st,1
732,1100 block butternut st,5
733,1100 block butternut st  at catherine st,1
734,1100 block butternut st  at hartley st,1
735,1100 block butternut st  at hood av,1
736,1100 block butternut st  at josephine st,1
737,1100 block butternut st  at lodi st,2
738,1100 block butternut st  at n franklin st,1
739,1100 block butternut st  at n townsend st,1
740,1100 block butternut st  at park st,1
741,1100 block butternut st  at s alvord st,3
742,1100 block butternut st  at spring st,1
743,1100 block cadillac st  at wadsworth st,1
744,1100 block cadwell st  at grand av,1
745,1100 block caleb ave,6
746,1100 block calthrop ave  at cannon st,1
747,1100 block canal st  at walnut av,1
748,1100 block cannon st  at w brighton av,1
749,1100 block carbon st,2
750,1100 block carbon st  at court st,1
751,1100 block catawba st  at lodi st,1
752,1100 block catherine st  at james st,1
753,1100 block centennial dr  at onondaga av,1
754,1100 block charmouth dr  at robineau rd,1
755,1100 block cleveland ave  at first north st,1
756,1100 block clinton st  at dickerson st s,2
757,1100 block clinton st  at granger st s,1
758,1100 block clinton st  at tallman st s,1
759,1100 block clinton st  at temple st s,3
760,1100 block clinton st  at w adams st s,1
761,1100 block clinton st  at w fayette st s,2
762,1100 block clinton st  at w jefferson st s,1
763,1100 block clinton st  at w onondaga st s,1
764,1100 block clinton st  at w taylor st s,1
765,1100 block clinton st s,2
766,1100 block col eileen collins blvd,4
767,1100 block collingwood ave  at james st n,1
768,1100 block columbus ave  at dell st,1
769,1100 block colvin st  at cannon st,1
770,1100 block colvin st  at lancaster av e,1
771,1100 block colvin st  at s salina st e,1
772,1100 block colvin st e,1
773,1100 block comstock ave,2
774,1100 block comstock ave  at euclid av,1
775,1100 block comstock ave at madison st,1
776,1100 block court st  at first north st,1
777,1100 block croly st  at e fayette st,1
778,1100 block crouse ave  at e adams st s,1
779,1100 block crouse ave  at e fayette st s,2
780,1100 block crouse ave  at e genesee st s,1
781,1100 block crouse ave  at lodi st n,1
782,1100 block crouse ave  at madison st s,3
783,1100 block crouse ave s,1
784,1100 block culbert st  at first north st,1
785,1100 block cumberland ave,1
786,1100 block danforth st,3
787,1100 block davis st  at barrett st,1
788,1100 block dead end  at s west st,1
789,1100 block delaware st  at kellogg st,1
790,1100 block delaware st  at s geddes st,3
791,1100 block delaware st  at w onondaga st,1
792,1100 block dewey ave  at waite av,1
793,1100 block dewitt st,3
794,1100 block dewitt st  at james st,2
795,1100 block dickerson st  at s clinton st,1
796,1100 block division st  at carbon st e,1
797,1100 block division st  at n state st e,1
798,1100 block dorothy st  at vine st,1
799,1100 block douglas st  at graves st,1
800,1100 block eastview ave dr  at onondaga av,1
801,1100 block eb i 690  at midler ave from eb i,1
802,1100 block eb i 690  at n geddes st to eb i,1
803,1100 block eb i 690  at n mcbride st to eb i,1
804,1100 block eb i 690  at teall ave from eb i,3
805,1100 block eb i 690  at west st from eb i 69,2
806,1100 block edwards ave  at james st s,1
807,1100 block eldorado st  at hixson av,1
808,1100 block elm st  at hawley av,1
809,1100 block elmwood ave  at glenwood av,1
810,1100 block emerson ave,6
811,1100 block emerson ave  at erie blvd w,1
812,1100 block erie blvd e  at hampton inn drwy,1
813,1100 block erie blvd e  at lodi st,1
814,1100 block erie blvd e  at peat st,2
815,1100 block erie blvd e  at s state st,1
816,1100 block erie blvd e  at thompson rd,2
817,1100 block erie blvd w  at hiawatha blvd w,1
818,1100 block erie blvd w  at n franklin st,1
819,1100 block erie blvd w at nb west street arter,1
820,1100 block euclid ave,1
821,1100 block euclid ave  at comstock av,1
822,1100 block euclid ave  at crawford av,1
823,1100 block euclid ave  at ostrom av,2
824,1100 block eureka st st  at w belden av,1
825,1100 block exchange st  at n salina st,1
826,1100 block fayette st,1
827,1100 block fayette st  at erie blvd w,1
828,1100 block fayette st  at nb west street arter,1
829,1100 block fayette st  at s townsend st e,1
830,1100 block fayette st  at westcott st e,1
831,1100 block fellows ave  at harvard pl,1
832,1100 block first north st,2
833,1100 block first north st  at delong av,1
834,1100 block fitch st  at s geddes st,1
835,1100 block ford ave  at ballantyne rd,1
836,1100 block forest ave  at cannon st,1
837,1100 block fountain st  at gertrude st,1
838,1100 block franklin st  at erie blvd w n,1
839,1100 block franklin st  at evans st n,2
840,1100 block franklin st  at herald pl n,1
841,1100 block front of 1000 col eileen collins blvd,2
842,1100 block front of 1074 s clinton st,1
843,1100 block front of 1161 grant blvd,1
844,1100 block front of 136 n geddes st,1
845,1100 block front of 136 nelson st,1
846,1100 block front of 1409 w genesee st,1
847,1100 block front of 159 merritt av,1
848,1100 block front of 175 eliz.blackwell st,1
849,1100 block front of 212 s alvord st,1
850,1100 block front of 226 teall ave,1
851,1100 block front of 259 w fayette st,1
852,1100 block front of 290 w jefferson st,1
853,1100 block front of 300 burt st,2
854,1100 block front of 304 e onondaga st,1
855,1100 block front of 318 marcellus st,1
856,1100 block front of 408 bear st,1
857,1100 block front of 428 westmoreland ave,1
858,1100 block front of 501 avery ave,1
859,1100 block front of 550 s clinton st,1
860,1100 block front of 605 valley dr,1
861,1100 block front of 701 e genesee st,1
862,1100 block geddes st  at arden dr s,1
863,1100 block geddes st  at delaware st s,1
864,1100 block geddes st  at fitch st s,1
865,1100 block geddes st  at gifford st s,2
866,1100 block geddes st  at liberty st n,1
867,1100 block geddes st  at richmond av n,2
868,1100 block geddes st  at w onondaga st s,1
869,1100 block geddes st s,3
870,1100 block genant dr  at w bear st,1
871,1100 block genesee st,4
872,1100 block genesee st  at almond st e,1
873,1100 block genesee st  at dewey av,1
874,1100 block genesee st  at maple st e,1
875,1100 block genesee st  at n geddes st,1
876,1100 block genesee st  at n west st,1
877,1100 block genesee st  at sackett st,1
878,1100 block genesee st  at state fair blvd,1
879,1100 block genesee st at e,1
880,1100 block genesee st e,3
881,1100 block gertrude st  at lodi st,1
882,1100 block gifford st  at ontario st,1
883,1100 block gifford st  at s west st,1
884,1100 block glen ave  at s salina st,1
885,1100 block glencove rd  at mosley dr,1
886,1100 block glenwood ave,7
887,1100 block glenwood ave  at mcdonald rd,1
888,1100 block grand ave  at cadwell st,2
889,1100 block grand ave  at delaware st,1
890,1100 block grand ave  at herriman st,1
891,1100 block grand ave  at velasko rd,1
892,1100 block grant blvd  at dewitt st,1
893,1100 block grant blvd  at james st,1
894,1100 block grant blvd  at kirkpatrick st,2
895,1100 block grant blvd  at pond st,1
896,1100 block grant blvd  at swansea dr,1
897,1100 block grant blvd  at village dr,1
898,1100 block grant blvd  at woodlawn ter,1
899,1100 block green st  at oak st,1
900,1100 block griffiths st  at butternut st,1
901,1100 block grove st  at valley dr,1
902,1100 block hamilton st  at n lowell av,1
903,1100 block harrison st,11
904,1100 block harrison st  at s salina st,1
905,1100 block harrison st  at university av,1
906,1100 block harrison st from sb i 81 ramp at eb i 690 to sb,1
907,1100 block harvard pl  at westcott st,1
908,1100 block hawley ave,3
909,1100 block hawley ave  at howard st,1
910,1100 block hawley ave  at lodi st,1
911,1100 block hawthorne st  at dell st,1
912,1100 block hazelwood ave,6
913,1100 block helen st  at park st,1
914,1100 block helen st  at rugby rd,1
915,1100 block henderson st  at oak st,1
916,1100 block herald pl  at n franklin st,2
917,1100 block herkimer st  at pharis st,1
918,1100 block herriman st  at grand av,1
919,1100 block hiawatha blvd e,1
920,1100 block hiawatha blvd e  at,1
921,1100 block hiawatha blvd e  at first north st,1
922,1100 block hiawatha blvd e  at lodi st,1
923,1100 block hiawatha blvd e  at n salina st,1
924,1100 block hiawatha blvd e  at seventh north st,1
925,1100 block hiawatha blvd w,4
926,1100 block hiawatha blvd w  at erie blvd w,1
927,1100 block hiawatha blvd w  at pulaski st,2
928,1100 block hiawatha blvd w  at state fair blvd,2
929,1100 block hiawatha blvd w  at van rensselaer st,1
930,1100 block hiawatha blvd w from eb i 690  at eb i 690,1
931,1100 block hickory st  at catherine st,1
932,1100 block hickory st  at n mcbride st,1
933,1100 block hickory st  at n townsend st,1
934,1100 block highland st,5
935,1100 block highland st  at graves st,1
936,1100 block highland st  at oak st,1
937,1100 block highland st  at wilkie pl,1
938,1100 block highland st st  at graves st,1
939,1100 block hudson st  at rich st,1
940,1100 block hurlburt rd  at meadowbrook dr,1
941,1100 block irving ave,4
942,1100 block irving ave  at harrison st,2
943,1100 block isabella st  at union pl,1
944,1100 block james st,45
945,1100 block james st  at cook av,1
946,1100 block james st  at lodi st,1
947,1100 block james st  at n collingwood av,1
948,1100 block james st  at n mcbride st,1
949,1100 block james st  at n salina st,1
950,1100 block james st  at oak st,2
951,1100 block james st  at stafford av,1
952,1100 block james st  at vine st,1
953,1100 block jamesville ave  at ainsley dr,1
954,1100 block jasper st  at beecher st,1
955,1100 block jasper st  at oak st,1
956,1100 block jefferson st  at s clinton st,1
957,1100 block jericho dr  at oriskany dr,1
958,1100 block kelley park dr,1
959,1100 block kennedy st  at midland av,1
960,1100 block kennedy st  at s state st e,1
961,1100 block kennedy st  at south av,1
962,1100 block kimber rd  at euclid av,1
963,1100 block kingsley pl  at emerson av,1
964,1100 block kirk park dr  at w brighton av,1
965,1100 block kirkpatrick st,1
966,1100 block kirkpatrick st  at spring st,1
967,1100 block lafayette ave,3
968,1100 block lafayette ave  at s salina st e,1
969,1100 block lambreth ln  at jamesville av,1
970,1100 block lancaster ave,1
971,1100 block lancaster ave  at broad st,1
972,1100 block laurel st  at catherine st e,1
973,1100 block laurel st  at lodi st e,1
974,1100 block leavenworth ave  at erie blvd w,1
975,1100 block leavenworth ave  at van rensselaer st,1
976,1100 block leavenworth ave  at w belden av,1
977,1100 block lemoyne ave,2
978,1100 block lemoyne ave  at wadsworth st,1
979,1100 block lexington ave  at allen st,1
980,1100 block lilac st  at pond st,1
981,1100 block lincoln ave  at clover st,1
982,1100 block lincoln ave  at tallman st,2
983,1100 block liverpool to destiny usa ramp  at destiny usa t,1
984,1100 block livingston ave,1
985,1100 block livingston ave  at euclid av,1
986,1100 block lodi st  at ash st,1
987,1100 block lodi st  at court st,1
988,1100 block lodi st  at e division st,1
989,1100 block lodi st  at green st,1
990,1100 block lodi st  at hawley av,1
991,1100 block lodi st  at hickory st,1
992,1100 block lodi st  at john st,1
993,1100 block lodi st  at oak st,1
994,1100 block lodi st  at wolf st,1
995,1100 block lowell ave  at ulster st n,1
996,1100 block lydell st  at hartson st,1
997,1100 block macdougall pl,1
998,1100 block magnolia st  at w fayette st,1
999,1100 block marcellus st  at nelson st,1
1000,1100 block marcellus st  at s geddes st,1
1001,1100 block marlborough rd  at james st,1
1002,1100 block marshall st  at university av,1
1003,1100 block martin luther king e  at renwick av,1
1004,1100 block martin luther king e  at s salina st,1
1005,1100 block martin luther king e  at s state st,1
1006,1100 block martin st  at lemoyne av,1
1007,1100 block maxwell ct,1
1008,1100 block may ave  at eastman av,1
1009,1100 block mcbride st  at burnet av n,1
1010,1100 block mcbride st  at erie blvd e n,1
1011,1100 block mcbride st n,17
1012,1100 block mcbride st s,6
1013,1100 block meadowbrook dr,1
1014,1100 block meadowbrook dr  at bradford pkwy,1
1015,1100 block meadowbrook dr  at e genesee st,1
1016,1100 block meadowbrook dr  at kensington pl,1
1017,1100 block melbourne ave  at mountainview av,1
1018,1100 block merriman ave  at congress av,1
1019,1100 block merriman ave  at s geddes st,1
1020,1100 block midland ave  at belle av,2
1021,1100 block midland ave  at furman st,1
1022,1100 block midland ave  at hall av,1
1023,1100 block midland ave  at kenmore av,1
1024,1100 block midland ave  at w colvin st,1
1025,1100 block midland ave  at w lafayette av,1
1026,1100 block midland ave  at w onondaga st,1
1027,1100 block midland ave  at w ostrander av,1
1028,1100 block midland ave at,1
1029,1100 block midler ave  at burnet av s,2
1030,1100 block midler ave  at erie blvd e s,1
1031,1100 block milton ave,1
1032,1100 block milton ave  at west end dr,1
1033,1100 block monroe st  at dyer ct,1
1034,1100 block montgomery st  at burt st,2
1035,1100 block montgomery st  at e taylor st,1
1036,1100 block n salina st st  at ash st n,1
1037,1100 block nb i 81,9
1038,1100 block nb i 81  at e adams st from nb i,1
1039,1100 block nb i 81  at e adams st to nb i 8,2
1040,1100 block nb i 81  at liverpool from nb i,1
1041,1100 block nb i 81  at seventh north st fro,1
1042,1100 block nb i 81 to eb i 690  at teall ave from eb i,1
1043,1100 block nb i 81 to nb i 481  at nb i 481,1
1044,1100 block nb i 81 to wb i 690  at wb i 690,1
1045,1100 block nb i 81 to wb i 690 at,1
1046,1100 block nb west st to herald pl ramp  at herald pl,1
1047,1100 block nichols ave  at sunnycrest rd,1
1048,1100 block north ave at,1
1049,1100 block oak pl  at oak st,1
1050,1100 block oak st,3
1051,1100 block oak st  at farmer st,1
1052,1100 block oak st  at hawley av,2
1053,1100 block oak st  at james st,1
1054,1100 block oak st  at sidney st,1
1055,1100 block onondaga ave,4
1056,1100 block onondaga blvd  at onondaga blvd,1
1057,1100 block onondaga creek blvd  at w colvin st,1
1058,1100 block onondaga lake pkwy to park st ramp,1
1059,1100 block onondaga st  at montgomery st e,1
1060,1100 block onondaga st  at s clinton st,1
1061,1100 block onondaga st  at s salina st e,1
1062,1100 block onondaga st  at s state st e,1
1063,1100 block onondaga st  at south av,1
1064,1100 block ostrom ave,1
1065,1100 block ostrom ave  at s beech st,1
1066,1100 block ostrom ave  at university pl,1
1067,1100 block oswego st  at shonnard st,1
1068,1100 block park ave,3
1069,1100 block park ave  at leavenworth av,1
1070,1100 block park ave  at n geddes st,1
1071,1100 block park ave  at van rensselaer st,1
1072,1100 block park drwy,1
1073,1100 block park st,2
1074,1100 block park st  at butternut st,1
1075,1100 block park st  at danforth st,1
1076,1100 block park st  at farmers market way,1
1077,1100 block park st  at harborside dr,1
1078,1100 block park st  at nbt bank pkwy,1
1079,1100 block park st  at pond st,1
1080,1100 block park st  at strand pl,1
1081,1100 block pastime dr  at turtle st,1
1082,1100 block peat st  at burnet av,1
1083,1100 block peters st  at butternut st,1
1084,1100 block pond st,52
1085,1100 block pond st  at becker st,1
1086,1100 block pond st  at carbon st,1
1087,1100 block pond st  at first north st,2
1088,1100 block pond st  at high st,1
1089,1100 block pond st  at pond ln,1
1090,1100 block pond st  at spring st,1
1091,1100 block presidential ct,1
1092,1100 block presidential plz,5
1093,1100 block putnam st  at s geddes st,1
1094,1100 block rear of 1009 harrison st,1
1095,1100 block rear of 134 walton st,1
1096,1100 block rear of 403 salt springs rd,1
1097,1100 block rear of 600 robinson st,1
1098,1100 block rear of 614 park st,1
1099,1100 block rear of 713 e genesee st,1
1100,1100 block richmond ave  at lakeview av,1
1101,1100 block roberts ave  at parkside av,1
1102,1100 block rowland st  at s geddes st,1
1103,1100 block sackett st  at apple st,1
1104,1100 block safety ln  at larned st,1
1105,1100 block salina st  at ballantyne rd s,2
1106,1100 block salina st  at bennington dr s,1
1107,1100 block salina st  at cortland av s,1
1108,1100 block salina st  at danforth st n,2
1109,1100 block salina st  at e beard av s,2
1110,1100 block salina st  at e colvin st s,1
1111,1100 block salina st  at e fayette st s,1
1112,1100 block salina st  at e florence av s,1
1113,1100 block salina st  at e jefferson st s,2
1114,1100 block salina st  at e washington st s,1
1115,1100 block salina st  at e water st s,2
1116,1100 block salina st  at exchange st n,1
1117,1100 block salina st  at fiscoe av s,1
1118,1100 block salina st  at furman st s,1
1119,1100 block salina st  at herald pl n,1
1120,1100 block salina st  at james st n,1
1121,1100 block salina st  at kirkpatrick st n,2
1122,1100 block salina st  at lemoyne av n,1
1123,1100 block salina st  at s state st s,1
1124,1100 block salina st  at tallman st s,2
1125,1100 block salina st  at walrath rd s,1
1126,1100 block salina st  at wolf st n,1
1127,1100 block salina st n,3
1128,1100 block salina st s,1
1129,1100 block salt springs rd,15
1130,1100 block salt springs rd  at candee av,1
1131,1100 block sb i 481  at e brighton ave from,1
1132,1100 block sb i 81,8
1133,1100 block sb i 81  at bear st to sb i 81 r,1
1134,1100 block sb i 81  at e adams st to sb i 8,2
1135,1100 block sb i 81  at harrison st from sb,2
1136,1100 block sb i 81  at n clinton st from sb,1
1137,1100 block sb i 81  at s salina st from sb,3
1138,1100 block sb i 81  at sb route 481 to sb i,1
1139,1100 block sb i 81 at,1
1140,1100 block sb i 81 to eb i 690 at eb i 690,1
1141,1100 block scoville ave  at woodruff av,1
1142,1100 block second north st st  at wolf st n,1
1143,1100 block sedgwick st  at james st,1
1144,1100 block seeley rd  at hazelwood av,1
1145,1100 block seneca st  at,1
1146,1100 block seneca st  at marcellus st,1
1147,1100 block seneca tpke  at hopper rd,1
1148,1100 block seneca tpke  at milburn dr,1
1149,1100 block seneca tpke  at s salina st e,1
1150,1100 block seneca tpke  at seneca pl,1
1151,1100 block seneca tpke  at valley dr,1
1152,1100 block shuart ave  at teall av,1
1153,1100 block slocum ave  at shonnard st,1
1154,1100 block smith st  at erie blvd e,1
1155,1100 block solar st  at w bear st,1
1156,1100 block solar st  at w division st,1
1157,1100 block south ave,1
1158,1100 block south ave  at centennial dr,1
1159,1100 block south ave  at kirk av,1
1160,1100 block south ave  at tallman st,1
1161,1100 block spencer st,3
1162,1100 block spencer to sb i 81 ramp  at spencer catawba fro,1
1163,1100 block spring st  at bear st,1
1164,1100 block spring st  at pond st,2
1165,1100 block springfield rd  at salt springs rd,1
1166,1100 block stadium pl  at van buren st,2
1167,1100 block state st  at ash st n,1
1168,1100 block state st  at e belden av n,1
1169,1100 block state st  at e fayette st s,1
1170,1100 block state st  at isabella st n,1
1171,1100 block state st  at james st n,2
1172,1100 block state st  at madison st s,1
1173,1100 block state st  at martin luther king e s,1
1174,1100 block state st  at mcclure av s,1
1175,1100 block state st n,1
1176,1100 block state st s,3
1177,1100 block sterling ave  at south av,1
1178,1100 block strong ave  at euclid av,1
1179,1100 block sumner ave,2
1180,1100 block sumner ave  at euclid av,3
1181,1100 block sunset ave st  at danforth st,1
1182,1100 block tallman st  at hudson st,1
1183,1100 block tallman st  at midland av,1
1184,1100 block tallman st  at oneida st,1
1185,1100 block tallman st  at s salina st,1
1186,1100 block taylor st  at s salina st e,1
1187,1100 block taylor st  at s townsend st e,1
1188,1100 block teall ave,1
1189,1100 block teall ave  at burnet av,1
1190,1100 block teall ave  at grant blvd,1
1191,1100 block teall ave  at james st,1
1192,1100 block teall ave  at kinne st,1
1193,1100 block teall ave  at vann st,1
1194,1100 block thompson rd  at james st,1
1195,1100 block thurber st  at e brighton av,1
1196,1100 block to 1000 col eileen collins blvd,1
1197,1100 block to 115 academy green,1
1198,1100 block to 211 lafayette rd,1
1199,1100 block to 333 e water st,1
1200,1100 block to 400 velasko rd,1
1201,1100 block to 419 elliott st,1
1202,1100 block to 928 avery ave,1
1203,1100 block townsend st  at ash st n,1
1204,1100 block townsend st  at e adams st s,1
1205,1100 block townsend st  at e taylor st s,1
1206,1100 block townsend st  at e willow st n,1
1207,1100 block townsend st  at hawley av n,1
1208,1100 block townsend st  at hickory st n,1
1209,1100 block townsend st n,3
1210,1100 block townsend st s,1
1211,1100 block truth ter  at oakwood av,1
1212,1100 block tully st  at wyoming st,1
1213,1100 block tyson pl,5
1214,1100 block union pl  at kirkpatrick st,1
1215,1100 block union pl  at n state st,1
1216,1100 block university ave  at,1
1217,1100 block university ave  at madison st,1
1218,1100 block usa plot drwy,1
1219,1100 block valley dr  at chaffee ave e,1
1220,1100 block van rensselaer st  at w genesee st,1
1221,1100 block velasko rd  at onondaga rd,1
1222,1100 block velasko rd  at stolp av,1
1223,1100 block wadsworth st,6
1224,1100 block wadsworth st  at court st,1
1225,1100 block wadsworth st  at lemoyne av,1
1226,1100 block wadsworth st  at mertens av,1
1227,1100 block wallace st  at herald pl,1
1228,1100 block walnut ave,12
1229,1100 block walnut ave  at e adams st,1
1230,1100 block walrath rd  at fillmore av,1
1231,1100 block warren st  at e onondaga st s,1
1232,1100 block warren st  at madison st s,1
1233,1100 block washington st  at s franklin st,1
1234,1100 block wb i 690  at bear st to wb i 690,1
1235,1100 block wb i 690  at burnet ave from wb i,1
1236,1100 block wb i 690  at hiawatha blvd w to w,1
1237,1100 block wb i 690  at n townsend st from w,2
1238,1100 block wb i 690  at nb west st to wb i 6,1
1239,1100 block wb i 690  at teall ave from wb i,1
1240,1100 block wb i 690 to nb i 81  at nb i 81,1
1241,1100 block wendell ter  at scoville av,1
1242,1100 block west end dr  at milton av,1
1243,1100 block west st  at erie blvd w from sb s,1
1244,1100 block west st  at gifford st s,2
1245,1100 block west st  at w genesee st n,1
1246,1100 block west st  at w onondaga st s,1
1247,1100 block westcott st,2
1248,1100 block westcott st  at euclid av,1
1249,1100 block westcott st  at kensington rd,1
1250,1100 block westmoreland ave,1
1251,1100 block whitwell dr  at park st,1
1252,1100 block wilbur ave  at tennyson av s,1
1253,1100 block willis ave,3
1254,1100 block willis ave  at cayuga st,1
1255,1100 block willow st  at catherine st e,1
1256,1100 block willow st  at hickory st e,1
1257,1100 block willow st  at lodi st e,1
1258,1100 block willow st  at n state st e,3
1259,1100 block willow st  at pearl st e,2
1260,1100 block willumae dr  at wolf st,2
1261,1100 block winthrop rd  at culver dr,1
1262,1100 block wolf st  at second north st,1
1263,1100 block wolf st  at sixth north st,1
1264,1100 block wolf st  at spring st,1
1265,1100 block woodruff ave  at grant blvd,1
1266,1100 block woodruff ave  at mertens av,1
1267,200 block arsenal dr,2
1268,200 block avon rd,1
1269,200 block baker ave,1
1270,200 block baldwin ave,1
1271,200 block ballantyne rd,7
1272,200 block bassett st,1
1273,200 block beard ave,1
1274,200 block berger ave,1
1275,200 block berkshire ave,3
1276,200 block bertram pl,3
1277,200 block beverly rd,1
1278,200 block bissell st e,1
1279,200 block briggs st,1
1280,200 block brighton ave,1
1281,200 block brighton ave e,1
1282,200 block brooklea pl,5
1283,200 block buckingham ave,1
1284,200 block burnet ave,6
1285,200 block butternut st,5
1286,200 block calthrop ave,1
1287,200 block calthrop ave e,1
1288,200 block camp ave,1
1289,200 block centennial dr,9
1290,200 block charmouth dr,1
1291,200 block cheltenham rd e,1
1292,200 block collingwood ave s,2
1293,200 block comstock ave,1
1294,200 block corning ave,1
1295,200 block crestview dr,1
1296,200 block crouse dr,21
1297,200 block cumberland ave,1
1298,200 block dablon ct,2
1299,200 block dale st,1
1300,200 block darlington rd,1
1301,200 block dawes ave,2
1302,200 block didama st,2
1303,200 block duke dr,1
1304,200 block eb i 690,4
1305,200 block elmwood ave,1
1306,200 block erickson st,2
1307,200 block erie blvd e,17
1308,200 block euclid ave,1
1309,200 block fayette blvd,1
1310,200 block fayette st e,3
1311,200 block fellows ave,2
1312,200 block fenway dr,2
1313,200 block fernwood ave,3
1314,200 block first north st,5
1315,200 block fiscoe ave,2
1316,200 block forest ave,1
1317,200 block geddes st n,5
1318,200 block geddes st s,4
1319,200 block genesee park dr,1
1320,200 block genesee st,2
1321,200 block genesee st e,17
1322,200 block gertrude st,1
1323,200 block gifford st,6
1324,200 block grace st,1
1325,200 block grant blvd,2
1326,200 block greenland dr,2
1327,200 block hall ave,1
1328,200 block harold st,1
1329,200 block hastings pl,1
1330,200 block hazelhurst ave,1
1331,200 block headson dr,1
1332,200 block henry st,91
1333,200 block hiawatha pl,1
1334,200 block highland ave,2
1335,200 block hoefler st,1
1336,200 block hope ave,4
1337,200 block hudson st,1
1338,200 block huntley st,1
1339,200 block intrepid ln,1
1340,200 block ivy ridge rd,1
1341,200 block jaclyn dr,1
1342,200 block john st,3
1343,200 block kappesser st,1
1344,200 block kidd ave,1
1345,200 block kidd ave e,1
1346,200 block kingsley pl,1
1347,200 block kuhl ave,1
1348,200 block lafayette rd,1
1349,200 block lakeview ave,3
1350,200 block lancaster ave,5
1351,200 block lawrence st,1
1352,200 block lemoyne ave,5
1353,200 block lilac st,1
1354,200 block lodi st,7
1355,200 block luddington st,1
1356,200 block lynwood ave,2
1357,200 block manor dr,4
1358,200 block maple ter,1
1359,200 block maplehurst ave,1
1360,200 block maplewood ave,2
1361,200 block marshall st,2
1362,200 block mary st,17
1363,200 block matson ave,1
1364,200 block matson ave e,1
1365,200 block maxwell ave,2
1366,200 block mclennan ave,2
1367,200 block meadowbrook dr,4
1368,200 block merritt ave,2
1369,200 block midland ave,4
1370,200 block midler ave n,4
1371,200 block midler ave s,1
1372,200 block milburn dr,1
1373,200 block nb i 81 to eb i 690,1
1374,200 block nelson st,1
1375,200 block newell st,12
1376,200 block nichols ave,1
1377,200 block normanor dr,2
1378,200 block northcliffe rd,2
1379,200 block oak st,4
1380,200 block oakland st,18
1381,200 block onondaga creek blvd e,1
1382,200 block onondaga st,2
1383,200 block orlando ave,2
1384,200 block park st,4
1385,200 block parkside ave,1
1386,200 block parkway dr,2
1387,200 block paul ave,1
1388,200 block pebble hill rd n,1
1389,200 block plymouth dr,1
1390,200 block reed ave,3
1391,200 block richmond ave,1
1392,200 block robineau rd,1
1393,200 block rockland ave,1
1394,200 block roney rd,1
1395,200 block roxbury rd,1
1396,200 block salina st n,14
1397,200 block salina st s,13
1398,200 block salt springs rd,10
1399,200 block seneca tpke e,2
1400,200 block seymour st,10
1401,200 block sims dr,3
1402,200 block south ave,4
1403,200 block spring st,2
1404,200 block st louis ave,1
1405,200 block stafford ave,1
1406,200 block state st n,3
1407,200 block state st s,4
1408,200 block steuben st,3
1409,200 block stewart ct,1
1410,200 block sunnycrest rd,2
1411,200 block sunrise dr,2
1412,200 block swansea dr,1
1413,200 block teall ave,2
1414,200 block valley dr,2
1415,200 block vann st,3
1416,200 block village dr,2
1417,200 block vincent st,1
1418,200 block wainwright ave,1
1419,200 block walton st,1
1420,200 block washington st e,4
1421,200 block water st e,8
1422,200 block westminster ave,1
1423,200 block westmoreland ave,2
1424,200 block wolcott ave,2
1425,200 block wood ave,1
1426,300 block air cargo rd,1
1427,300 block ballantyne rd,30
1428,300 block beattie st,2
1429,300 block bellevue ave,1
1430,300 block benedict ave,1
1431,300 block berkshire ave,1
1432,300 block bissell st e,2
1433,300 block brampton rd,1
1434,300 block burnet ave,2
1435,300 block butternut st,2
1436,300 block caleb ave,1
1437,300 block cambridge st,1
1438,300 block cheltenham rd,1
1439,300 block clyde ave,1
1440,300 block collingwood ave n,1
1441,300 block colvin st,2
1442,300 block cook ave,2
1443,300 block corning ave,2
1444,300 block court st,7
1445,300 block eb i 690,6
1446,300 block edgehill rd,1
1447,300 block edwards ave s,1
1448,300 block erie blvd e,4
1449,300 block erie blvd w,3
1450,300 block fayette blvd,4
1451,300 block fayette st e,61
1452,300 block fenway dr,1
1453,300 block fernwood ave,1
1454,300 block forest ave,2
1455,300 block geddes st s,5
1456,300 block genesee park dr e,1
1457,300 block genesee st,12
1458,300 block genesee st e,19
1459,300 block gorland ave,7
1460,300 block grant blvd,6
1461,300 block green street pl,1
1462,300 block hawley ave,7
1463,300 block hillsdale ave,1
1464,300 block holland st,1
1465,300 block hudson st,4
1466,300 block intrepid ln,1
1467,300 block james st,12
1468,300 block john st,1
1469,300 block kappesser st,3
1470,300 block kenwood ave,1
1471,300 block lafayette ave,1
1472,300 block lancaster ave,3
1473,300 block lemoyne ave,1
1474,300 block lincoln ave,3
1475,300 block lodi st,7
1476,300 block marshall st,4
1477,300 block martin st,1
1478,300 block matson ave,2
1479,300 block mayar st,1
1480,300 block meadowbrook dr,1
1481,300 block midland ave,2
1482,300 block mildred ave,1
1483,300 block milford dr e,1
1484,300 block milford dr w,1
1485,300 block mosley dr,2
1486,300 block mountainview ave,1
1487,300 block nb west st to eb i 690 ramp,1
1488,300 block niven st,1
1489,300 block onondaga st,53
1490,300 block park st,6
1491,300 block parkway dr,1
1492,300 block plymouth dr,1
1493,300 block polk st,1
1494,300 block richmond ave,1
1495,300 block ridgeway ave,2
1496,300 block salina st n,10
1497,300 block salina st s,7
1498,300 block sherwood ave,1
1499,300 block south ave,4
1500,300 block spaulding ave,6
1501,300 block spring st,1
1502,300 block state st s,1
1503,300 block teall ave,2
1504,300 block valley dr,1
1505,300 block wb i 690,6
1506,300 block westmoreland ave,1
1507,300 block weymouth rd,1
1508,300 block wiman ave,1
1509,400 block aberdeen ter,1
1510,400 block ainsley dr,1
1511,400 block allen st,1
1512,400 block alvord st s,2
1513,400 block amherst ave,1
1514,400 block apple st,1
1515,400 block armstrong pl,1
1516,400 block arnett ave,1
1517,400 block arthur st,2
1518,400 block ash st,2
1519,400 block ballantyne rd,1
1520,400 block barnes ave,1
1521,400 block barrett st,1
1522,400 block bassett st,2
1523,400 block beattie st,2
1524,400 block beech st n,2
1525,400 block beech st s,1
1526,400 block beecher st,2
1527,400 block belden ave e,3
1528,400 block bellevue ave,2
1529,400 block berger ave,1
1530,400 block berkshire ave,1
1531,400 block borden ave,1
1532,400 block brighton pl,1
1533,400 block brooklea dr,1
1534,400 block brooklea pl,3
1535,400 block burnet ave,2
1536,400 block butternut st,2
1537,400 block cadwell st,1
1538,400 block calthrop ave,2
1539,400 block catawba st,1
1540,400 block catherine st,2
1541,400 block cayuga st,1
1542,400 block centennial dr,6
1543,400 block chaffee ave,1
1544,400 block chavez ter,2
1545,400 block cherry st,1
1546,400 block clarendon st,1
1547,400 block cleveland ave,2
1548,400 block columbus ave,1
1549,400 block colvin st,2
1550,400 block colvin st e,1
1551,400 block comstock ave,9
1552,400 block congress ave,1
1553,400 block conifer dr,1
1554,400 block constellation way n,1
1555,400 block coolidge ave,1
1556,400 block corning ave,1
1557,400 block cortland ave,1
1558,400 block court st,3
1559,400 block craddock st,1
1560,400 block croyden rd,2
1561,400 block davis st,3
1562,400 block delhi st,4
1563,400 block dewitt rd,1
1564,400 block dewitt st,2
1565,400 block dillaye ave,1
1566,400 block division st,1
1567,400 block dorchester ave,2
1568,400 block dorothy st,1
1569,400 block douglas st,6
1570,400 block durston ave,4
1571,400 block east ave,2
1572,400 block eb i 690,3
1573,400 block edna rd,1
1574,400 block edwards ave n,2
1575,400 block elk st,1
1576,400 block englewood ave,2
1577,400 block erie blvd e,9
1578,400 block erie blvd w,2
1579,400 block erie st,2
1580,400 block essex st,2
1581,400 block euclid ave,20
1582,400 block fairfield ave,1
1583,400 block fayette st,4
1584,400 block fayette st e,142
1585,400 block fellows ave,1
1586,400 block fenway dr,2
1587,400 block fillmore ave,1
1588,400 block fitch st,1
1589,400 block florence ave e,1
1590,400 block franklin st s,5
1591,400 block geddes st n,1
1592,400 block geddes st s,9
1593,400 block genesee st,10
1594,400 block genesee st e,9
1595,400 block gere ave,2
1596,400 block gifford st,1
1597,400 block gilbert ave,1
1598,400 block glenwood ave,1
1599,400 block grant blvd,4
1600,400 block grape ter,1
1601,400 block graves st,1
1602,400 block griffiths st,1
1603,400 block grumbach ave,2
1604,400 block hall ave,5
1605,400 block hamilton st,6
1606,400 block harborside dr,1
1607,400 block harding pl,1
1608,400 block harrison st,1
1609,400 block hartson st,1
1610,400 block harvard pl,1
1611,400 block hawley ave,4
1612,400 block hazelwood ave,3
1613,400 block herriman st,1
1614,400 block highland ave,9
1615,400 block highridge dr,1
1616,400 block hoefler st,1
1617,400 block hope ave,2
1618,400 block hurlburt rd,1
1619,400 block hutchinson ave,1
1620,400 block intrepid ln,3
1621,400 block james st,3
1622,400 block jasper st,1
1623,400 block jefferson st,2
1624,400 block jefferson st e,5
1625,400 block john st,1
1626,400 block kellogg st,1
1627,400 block kenmore ave,1
1628,400 block kennedy st e,1
1629,400 block kenwick dr,1
1630,400 block lafayette ave,1
1631,400 block lafayette rd,8
1632,400 block lakeview ave,2
1633,400 block latter dr,1
1634,400 block laurel st e,1
1635,400 block lemoyne ave,1
1636,400 block lilac st,1
1637,400 block lime st,1
1638,400 block lincoln ave,1
1639,400 block lincoln park dr,3
1640,400 block lodi st,10
1641,400 block lowell ave n,1
1642,400 block lowell ave s,2
1643,400 block luddington st,1
1644,400 block mains ave,1
1645,400 block mariposa st,1
1646,400 block markland ave,1
1647,400 block marlett st,1
1648,400 block martin luther king e,1
1649,400 block mary st,1
1650,400 block massena st,1
1651,400 block matson ave,1
1652,400 block mcbride st n,1
1653,400 block melrose ave,1
1654,400 block merrill st,2
1655,400 block midland ave,8
1656,400 block midler ave s,1
1657,400 block mildred ave,1
1658,400 block monticello dr n,3
1659,400 block mooney ave,1
1660,400 block morton st,1
1661,400 block mount olympus dr,4
1662,400 block myrtle st,1
1663,400 block newell st,1
1664,400 block nichols ave,1
1665,400 block norwood ave,2
1666,400 block oakley dr e,1
1667,400 block oneida st,2
1668,400 block park st,6
1669,400 block parkway dr,1
1670,400 block pattison st,1
1671,400 block polk st,1
1672,400 block pond st,1
1673,400 block remington ave,8
1674,400 block rich st,6
1675,400 block rigi ave,3
1676,400 block rockland ave,2
1677,400 block roosevelt ave,1
1678,400 block rugby rd,1
1679,400 block sabine st,3
1680,400 block sackett st,5
1681,400 block salina st s,22
1682,400 block schuyler st,1
1683,400 block scottholm ter,2
1684,400 block seeley rd,4
1685,400 block seneca tpke,2
1686,400 block seward st,2
1687,400 block sherbourne rd,1
1688,400 block shuart ave,1
1689,400 block solar st,3
1690,400 block south ave,7
1691,400 block spaid ave,1
1692,400 block springfield rd,1
1693,400 block stafford ave,1
1694,400 block state st n,3
1695,400 block state st s,6
1696,400 block stevens ave,1
1697,400 block stone ct,2
1698,400 block summit ave,3
1699,400 block sunnyside rd,2
1700,400 block sunset ave,2
1701,400 block thurber st,1
1702,400 block tompkins st,1
1703,400 block townsend st n,5
1704,400 block turtle st,1
1705,400 block twin hills dr,1
1706,400 block ulster st,1
1707,400 block university pl,1
1708,400 block valley dr,2
1709,400 block van buren st,8
1710,400 block van rensselaer st,1
1711,400 block village dr,2
1712,400 block wainwright ave,1
1713,400 block wall st,2
1714,400 block walnut pl,18
1715,400 block walton st,4
1716,400 block warham st,2
1717,400 block warner ave,1
1718,400 block warren st s,2
1719,400 block warrington rd,2
1720,400 block warrington rd e,2
1721,400 block washington st e,3
1722,400 block water st,2
1723,400 block water st e,1
1724,400 block wayne st,6
1725,400 block wb i 690,2
1726,400 block wellesley rd,1
1727,400 block west st n,1
1728,400 block west st s,1
1729,400 block westmoreland ave,10
1730,400 block westwood rd,1
1731,400 block wilbur ave n,1
1732,400 block wilkinson st,1
1733,400 block willow st,3
1734,400 block willumae dr,1
1735,400 block winthrop rd,4
1736,400 block woodlawn ter,1
1737,400 block wyoming st,1
1738,500 block adams st e,3
1739,500 block arnold ave,1
1740,500 block ashdale ave,2
1741,500 block ashworth pl,1
1742,500 block ballantyne rd,2
1743,500 block barrett st,1
1744,500 block beattie st,1
1745,500 block beecher st,1
1746,500 block belle ave,1
1747,500 block bellevue ave,6
1748,500 block borden ave,3
1749,500 block brampton rd,1
1750,500 block brighton ave,3
1751,500 block bruce st,2
1752,500 block buckingham ave,2
1753,500 block burnet ave,2
1754,500 block burns ave,1
1755,500 block calthrop ave,2
1756,500 block carbon st,2
1757,500 block clarendon st,1
1758,500 block cleveland ave,1
1759,500 block clover ridge dr,4
1760,500 block coleridge ave,1
1761,500 block collingwood ave n,1
1762,500 block collingwood ave s,9
1763,500 block colvin st,1
1764,500 block colvin st e,1
1765,500 block corning ave,1
1766,500 block crawford ave,1
1767,500 block crippen ave,5
1768,500 block croly st,3
1769,500 block croyden rd,2
1770,500 block dale st,3
1771,500 block delaware st,1
1772,500 block delhi st,1
1773,500 block dewitt st,1
1774,500 block dorchester ave,1
1775,500 block dorothy st,2
1776,500 block duane st,2
1777,500 block edgemont dr,1
1778,500 block edwards ave n,1
1779,500 block elizabeth st,1
1780,500 block empire ave,3
1781,500 block erie blvd e,16
1782,500 block erie st,1
1783,500 block evaleen ave,12
1784,500 block fayette st,9
1785,500 block fayette st e,3
1786,500 block fellows ave,1
1787,500 block ferndale dr,1
1788,500 block fitch st,10
1789,500 block fobes ave,8
1790,500 block forest hill dr,1
1791,500 block furman st,6
1792,500 block garfield ave,1
1793,500 block geddes st s,1
1794,500 block genesee st,5
1795,500 block genesee st e,13
1796,500 block gertrude st,1
1797,500 block glen ave,1
1798,500 block glenwood ave,2
1799,500 block grand ave,1
1800,500 block grant blvd,16
1801,500 block greenwood pl,1
1802,500 block grumbach ave,3
1803,500 block hall ave,1
1804,500 block harrison st,6
1805,500 block hayden ave,1
1806,500 block herald pl,3
1807,500 block herriman st,3
1808,500 block hickok ave,2
1809,500 block hier ave,4
1810,500 block hope ave,1
1811,500 block hudson st,1
1812,500 block james st,20
1813,500 block jefferson st,1
1814,500 block kellogg st,2
1815,500 block kennedy st,4
1816,500 block kinne st,1
1817,500 block lafayette ave,2
1818,500 block lafayette rd,22
1819,500 block lakeview ave,1
1820,500 block lambreth ln,1
1821,500 block lamson st,1
1822,500 block lilac st,5
1823,500 block lillian ave,1
1824,500 block lincoln ave,2
1825,500 block lodi st,24
1826,500 block lodi st n,1
1827,500 block longmeadow dr,1
1828,500 block lorraine ave,1
1829,500 block magnolia st,4
1830,500 block malverne dr,1
1831,500 block maplehurst ave,1
1832,500 block marguerite ave,2
1833,500 block markland ave,2
1834,500 block marlborough rd,1
1835,500 block martin luther king w,7
1836,500 block mather st,10
1837,500 block matson ave,3
1838,500 block may ave,1
1839,500 block mckinley ave,2
1840,500 block mclennan ave,1
1841,500 block melbourne ave,2
1842,500 block merrill st,5
1843,500 block merriman ave,4
1844,500 block midland ave,6
1845,500 block midler ave n,3
1846,500 block miles ave,4
1847,500 block milford dr e,3
1848,500 block moore ave,10
1849,500 block newell st,1
1850,500 block nichols ave,4
1851,500 block north ave,1
1852,500 block norwood ave,2
1853,500 block oakley dr e,1
1854,500 block oakwood ave,1
1855,500 block onondaga creek blvd,2
1856,500 block onondaga st e,1
1857,500 block ostrander ave,3
1858,500 block pacific ave,1
1859,500 block palmer ave,4
1860,500 block parkway dr,1
1861,500 block pattison st,1
1862,500 block primrose ave,2
1863,500 block putnam st,1
1864,500 block reed ave,1
1865,500 block rich st,3
1866,500 block richfield ave,1
1867,500 block richmond ave,3
1868,500 block rider ave,2
1869,500 block rigi ave,1
1870,500 block riverdale dr,2
1871,500 block robineau rd,1
1872,500 block robinson st,1
1873,500 block rockland ave,2
1874,500 block roosevelt ave,2
1875,500 block ross park,1
1876,500 block sabine st,1
1877,500 block salina st s,6
1878,500 block scott ave,1
1879,500 block scottholm ter,2
1880,500 block searlwyn rd,1
1881,500 block sedgwick st,3
1882,500 block seeley rd,2
1883,500 block seneca dr,3
1884,500 block seneca tpke e,1
1885,500 block seymour st,1
1886,500 block sherwood ave,1
1887,500 block shirley dr,1
1888,500 block shonnard st,2
1889,500 block south ave,2
1890,500 block stafford ave,2
1891,500 block state st s,1
1892,500 block sunrise dr,1
1893,500 block sunstruck dr,4
1894,500 block taft ave,1
1895,500 block teall ave,2
1896,500 block tennyson ave,1
1897,500 block twin hills dr,1
1898,500 block valley dr,2
1899,500 block valley dr dr,1
1900,500 block vann st,4
1901,500 block wadsworth st,1
1902,500 block walton st,1
1903,500 block warner ave,2
1904,500 block warren st s,8
1905,500 block washington sq,6
1906,500 block washington st e,1
1907,500 block waverly ave,2
1908,500 block webster ave,6
1909,500 block west st s,7
1910,500 block wilkinson st,4
1911,500 block willow st,4
1912,500 block woodbine ave,3
1913,500 block wyoming st,11
1914,600 block academy pl,1
1915,600 block ainsley dr,1
1916,600 block allen st,1
1917,600 block alvord st s,3
1918,600 block apple st,3
1919,600 block arlington ave,1
1920,600 block arthur st,1
1921,600 block ash st,1
1922,600 block audubon pkwy,12
1923,600 block avery ave,6
1924,600 block baker ave,1
1925,600 block barrington rd,1
1926,600 block basin st,3
1927,600 block bear st,1
1928,600 block beard ave,1
1929,600 block beech st n,5
1930,600 block beech st s,6
1931,600 block beecher st,4
1932,600 block bellevue ave,2
1933,600 block berkshire ave,1
1934,600 block boyden st,1
1935,600 block bradford pkwy,4
1936,600 block brighton ave,11
1937,600 block broad st,1
1938,600 block bruce st,1
1939,600 block bryant ave,1
1940,600 block buckingham ave,2
1941,600 block burdick ave,1
1942,600 block burnet ave,13
1943,600 block burt st,26
1944,600 block butternut st,1
1945,600 block calthrop ave,2
1946,600 block carbon st,4
1947,600 block carlton rd,1
1948,600 block catherine st,4
1949,600 block centennial dr,4
1950,600 block chemung st,3
1951,600 block chinook dr,2
1952,600 block clairmonte ave,1
1953,600 block clarence ave,3
1954,600 block cleveland ave,1
1955,600 block clinton st s,7
1956,600 block coleridge ave,1
1957,600 block collingwood ave n,1
1958,600 block collingwood ave s,3
1959,600 block columbus ave,7
1960,600 block comstock ave,4
1961,600 block corcoran ct,1
1962,600 block cortland ave,7
1963,600 block court st,40
1964,600 block craddock st,1
1965,600 block craig st,2
1966,600 block crossett st,4
1967,600 block crouse ave n,1
1968,600 block crouse ave s,4
1969,600 block dale st,1
1970,600 block daybreak ln,1
1971,600 block demong dr,2
1972,600 block dewitt rd,1
1973,600 block division st e,1
1974,600 block driscoll ave,1
1975,600 block edwards ave n,3
1976,600 block edwards ave s,2
1977,600 block elm st,1
1978,600 block elsner st,1
1979,600 block erie blvd e,26
1980,600 block erie blvd w,1
1981,600 block erie st,6
1982,600 block esf campus dr w,1
1983,600 block essex st,2
1984,600 block fabius st,2
1985,600 block farmer st,2
1986,600 block fayette st,26
1987,600 block fayette st e,1
1988,600 block fellows ave,1
1989,600 block fitch st,3
1990,600 block franklin st s,13
1991,600 block furman st,2
1992,600 block garfield ave,1
1993,600 block geddes st n,3
1994,600 block geddes st s,3
1995,600 block genesee park dr,6
1996,600 block genesee st e,7
1997,600 block gifford st,19
1998,600 block glenwood ave,1
1999,600 block grand ave,1
2000,600 block grant ave,4
2001,600 block grant blvd,7
2002,600 block green st,5
2003,600 block greenway ave,3
2004,600 block greenwood pl,1
2005,600 block griffiths st,1
2006,600 block hamilton st,1
2007,600 block harriette ave,1
2008,600 block hartson st,2
2009,600 block hawley ave,10
2010,600 block hazelhurst ave,1
2011,600 block helen st,1
2012,600 block herbert st,2
2013,600 block hiawatha blvd e,2
2014,600 block hiawatha blvd w,14
2015,600 block hickok ave,1
2016,600 block hier ave,1
2017,600 block highland st,1
2018,600 block highridge dr,2
2019,600 block hillside st,3
2020,600 block hillview ave,3
2021,600 block hoefler st,2
2022,600 block holland st,1
2023,600 block holmes st,1
2024,600 block hovey st,1
2025,600 block hubbell ave,1
2026,600 block hudson st,12
2027,600 block hurlburt rd,1
2028,600 block james st,16
2029,600 block jefferson st,3
2030,600 block john st,2
2031,600 block kellogg st,5
2032,600 block kennedy st,1
2033,600 block kensington pl,2
2034,600 block kenwood ave,2
2035,600 block kimber rd,3
2036,600 block kingsley pl,1
2037,600 block kinne st,1
2038,600 block kirk ave,2
2039,600 block kirkpatrick st,14
2040,600 block knaul st,1
2041,600 block kramer dr,2
2042,600 block laforte ave,2
2043,600 block lakeview ave,1
2044,600 block leavenworth ave,1
2045,600 block lewis st,2
2046,600 block lexington ave,1
2047,600 block liberty st,2
2048,600 block lillian ave,4
2049,600 block lodi st,3
2050,600 block loma ave,2
2051,600 block lydell st,1
2052,600 block mains ave,1
2053,600 block malverne dr,2
2054,600 block marlborough rd,1
2055,600 block marshall st,1
2056,600 block martin st,1
2057,600 block mcbride st n,2
2058,600 block melrose ave,1
2059,600 block merriman ave,2
2060,600 block merritt ave,1
2061,600 block midland ave,3
2062,600 block midler ave n,12
2063,600 block midler ave s,2
2064,600 block mildred ave,1
2065,600 block milton ave,1
2066,600 block montgomery st,29
2067,600 block monticello dr n,1
2068,600 block mount olympus dr,39
2069,600 block myrtle st,3
2070,600 block nbt bank pkwy,24
2071,600 block newell st,1
2072,600 block north ave,16
2073,600 block norwood ave,1
2074,600 block nottingham rd,1
2075,600 block oak st,2
2076,600 block onondaga ave,2
2077,600 block onondaga st,4
2078,600 block onondaga st e,1
2079,600 block onondaga ter,1
2080,600 block ostrander ave,2
2081,600 block oswego st,1
2082,600 block palmer ave,2
2083,600 block park ave,1
2084,600 block park st,6
2085,600 block parrish ln,3
2086,600 block pine st,3
2087,600 block pleasant ave,2
2088,600 block pond st,9
2089,600 block primrose ave,1
2090,600 block prospect ave,29
2091,600 block putnam st,4
2092,600 block renwick ave,3
2093,600 block richmond ave,2
2094,600 block roberts ave,1
2095,600 block robinson st,5
2096,600 block rowland st,1
2097,600 block rugby rd,4
2098,600 block sackett st,1
2099,600 block salina st n,4
2100,600 block salina st s,29
2101,600 block salina st to nb i 81 ramp s,1
2102,600 block scottholm blvd,1
2103,600 block second north st,1
2104,600 block sedgwick dr,1
2105,600 block seneca dr,6
2106,600 block seventh north st,1
2107,600 block seward st,1
2108,600 block shirley dr,3
2109,600 block shonnard st,1
2110,600 block shuart ave,1
2111,600 block small rd,22
2112,600 block spring st,3
2113,600 block stadium pl,43
2114,600 block stafford ave,2
2115,600 block standish dr,3
2116,600 block state st s,1
2117,600 block sterling ave,2
2118,600 block summit ave,2
2119,600 block sunset ave,2
2120,600 block taft ave,2
2121,600 block taylor st,2
2122,600 block tennyson ave,1
2123,600 block thurber st,1
2124,600 block tompkins st,2
2125,600 block townsend st s,4
2126,600 block tully st,2
2127,600 block turtle st,1
2128,600 block ulster st,1
2129,600 block union pl,3
2130,600 block university ave,6
2131,600 block university pl,6
2132,600 block valley dr,1
2133,600 block van buren st,1
2134,600 block vann st,2
2135,600 block village dr,6
2136,600 block vincent st,1
2137,600 block walnut ave,1
2138,600 block walnut pl,2
2139,600 block warham st,2
2140,600 block water st,2
2141,600 block waverly ave,4
2142,600 block webster ave,1
2143,600 block westcott st,4
2144,600 block wheaton rd,1
2145,600 block whittier ave,2
2146,600 block willow st e,1
2147,600 block willumae dr,5
2148,600 block wilson st,2
2149,600 block wolcott ave,1
2150,600 block woodbine ave,1
2151,600 block woodruff ave,1
2152,700 block academy pl,3
2153,700 block alvord st s,10
2154,700 block arthur st,2
2155,700 block ash st,1
2156,700 block ashdale ave,2
2157,700 block baker ave,1
2158,700 block barnes ave,1
2159,700 block bear st,1
2160,700 block beattie st,1
2161,700 block beech st n,1
2162,700 block beech st s,1
2163,700 block bellevue ave,1
2164,700 block berkeley dr,1
2165,700 block boston st,1
2166,700 block boyden st,1
2167,700 block brattle rd,2
2168,700 block brighton pl,1
2169,700 block brookford rd,1
2170,700 block bryant ave,3
2171,700 block burnet ave,4
2172,700 block butternut st,5
2173,700 block cadillac st,1
2174,700 block calthrop ave,1
2175,700 block cannon st,1
2176,700 block chemung st,1
2177,700 block cherry st,2
2178,700 block churchill ave,60
2179,700 block churchill ave e,1
2180,700 block clairmonte ave,2
2181,700 block clarendon st,1
2182,700 block clinton st s,6
2183,700 block clover ridge dr,1
2184,700 block coleridge ave,1
2185,700 block collingwood ave s,2
2186,700 block colvin st e,1
2187,700 block comstock ave,48
2188,700 block cortland ave,2
2189,700 block craddock st,2
2190,700 block crossett st,3
2191,700 block crouse ave s,3
2192,700 block danforth st,1
2193,700 block daybreak ln,1
2194,700 block delaware st,5
2195,700 block dewitt st,1
2196,700 block division st,2
2197,700 block division st e,2
2198,700 block edwards ave n,2
2199,700 block edwards ave s,1
2200,700 block ellis st,2
2201,700 block elm st,1
2202,700 block erie blvd e,2
2203,700 block erie st,1
2204,700 block euclid ave,4
2205,700 block fabius st,14
2206,700 block fayette st,1
2207,700 block fellows ave,1
2208,700 block fobes ave,1
2209,700 block forest hill dr,1
2210,700 block franklin st n,2
2211,700 block furman st,3
2212,700 block geddes st n,3
2213,700 block genesee st e,57
2214,700 block gertrude st,2
2215,700 block gifford st,21
2216,700 block glenwood ave,2
2217,700 block grant blvd,1
2218,700 block green st,4
2219,700 block greenwood pl,1
2220,700 block harford rd,1
2221,700 block harrison st,5
2222,700 block hawley ave,1
2223,700 block hiawatha blvd e,2
2224,700 block hiawatha blvd w,1
2225,700 block highland st,1
2226,700 block holland st,1
2227,700 block howard st,3
2228,700 block hubbell ave,1
2229,700 block hudson st,1
2230,700 block hunt ave,1
2231,700 block ivy ridge rd,1
2232,700 block james st,12
2233,700 block jamesville ave,6
2234,700 block jasper st,1
2235,700 block jefferson st,1
2236,700 block john st,3
2237,700 block kennedy st,6
2238,700 block kensington pl,1
2239,700 block kirkpatrick st,3
2240,700 block lafayette ave,1
2241,700 block laforte ave,1
2242,700 block lambreth ln,3
2243,700 block landon ave,1
2244,700 block latter dr,1
2245,700 block leavenworth ave,1
2246,700 block lemoyne ave,3
2247,700 block liberty st,1
2248,700 block lillian ave,3
2249,700 block lodi st,1
2250,700 block lowell ave n,1
2251,700 block marcellus st,1
2252,700 block marlborough rd,1
2253,700 block matson ave,1
2254,700 block melrose ave,1
2255,700 block merriman ave,2
2256,700 block midland ave,11
2257,700 block midler ave n,3
2258,700 block midler ave s,4
2259,700 block mitchell ave,1
2260,700 block montgomery st,15
2261,700 block mosley dr,1
2262,700 block nb west st to herald pl ramp,1
2263,700 block newell st,2
2264,700 block north ave,1
2265,700 block norwood ave,1
2266,700 block oakley dr e,1
2267,700 block oakwood ave,1
2268,700 block onondaga st,5
2269,700 block onondaga ter,2
2270,700 block ostrander ave,4
2271,700 block park ave,3
2272,700 block park st,2
2273,700 block pearl st,1
2274,700 block pleasant ave,1
2275,700 block pleasantview ave,1
2276,700 block pond st,8
2277,700 block primrose ave,2
2278,700 block pulaski st,2
2279,700 block raynor ave e,5
2280,700 block renwick ave,1
2281,700 block rich st,9
2282,700 block richfield ave,2
2283,700 block richmond ave,8
2284,700 block ridgewood dr,1
2285,700 block roosevelt ave,3
2286,700 block rowland st,2
2287,700 block salina st n,5
2288,700 block salina st s,18
2289,700 block salt springs rd,1
2290,700 block schuyler st,1
2291,700 block scoville ave,1
2292,700 block seeley rd,2
2293,700 block seneca dr,1
2294,700 block seneca tpke,5
2295,700 block seymour st,3
2296,700 block shonnard st,3
2297,700 block shuart ave,1
2298,700 block skytop rd,10
2299,700 block small rd,56
2300,700 block smith st,5
2301,700 block solar st,1
2302,700 block spencer st,1
2303,700 block stafford ave,1
2304,700 block state st s,1
2305,700 block stolp ave,5
2306,700 block sunnycrest rd,8
2307,700 block sunset ave,1
2308,700 block taylor st,1
2309,700 block temple st,3
2310,700 block tennyson ave,1
2311,700 block thurber st,1
2312,700 block tompkins st,2
2313,700 block tully st,11
2314,700 block turtle st,1
2315,700 block union pl,1
2316,700 block university ave,9
2317,700 block university pl,7
2318,700 block valley dr,11
2319,700 block van buren st,15
2320,700 block village dr,3
2321,700 block wadsworth st,2
2322,700 block warner ave,1
2323,700 block warren st s,19
2324,700 block washington st,1
2325,700 block washington st e,1
2326,700 block webster ave,3
2327,700 block wendell ter,1
2328,700 block westcott st,2
2329,700 block wheaton rd,1
2330,700 block whittier ave,5
2331,700 block wilbur ave s,1
2332,700 block willumae dr,5
2333,700 block winton st,19
2334,700 block wolf st,3
2335,700 block woodbine ave,2
2336,700 block wyoming st,3
2337,800 block allen st,1
2338,800 block alvord st s,1
2339,800 block atlantic ave,1
2340,800 block barnes ave,1
2341,800 block bear st,1
2342,800 block beattie st,3
2343,800 block bellevue ave,2
2344,800 block boyden st,3
2345,800 block brattle rd,4
2346,800 block brighton ave,10
2347,800 block brighton ave e,4
2348,800 block brookford rd,5
2349,800 block bryant ave,1
2350,800 block burnet ave,4
2351,800 block butternut st,10
2352,800 block cadillac st,1
2353,800 block cannon st,1
2354,800 block carbon st,2
2355,800 block clarendon st,1
2356,800 block clover ridge dr,1
2357,800 block columbus ave,4
2358,800 block colvin st,1
2359,800 block comstock ave,20
2360,800 block cortland ave,2
2361,800 block court st,1
2362,800 block crouse ave s,77
2363,800 block dakin st,1
2364,800 block danforth st,5
2365,800 block delaware st,6
2366,800 block division st e,1
2367,800 block douglas st,2
2368,800 block durston ave,2
2369,800 block edwards ave s,1
2370,800 block ellis st,2
2371,800 block elm st,2
2372,800 block emerson ave,3
2373,800 block erie blvd e,1
2374,800 block erie blvd w,2
2375,800 block euclid ave,3
2376,800 block fabius st,2
2377,800 block fayette st,1
2378,800 block franklin st n,2
2379,800 block franklin st s,2
2380,800 block garfield ave,1
2381,800 block geddes st n,1
2382,800 block genesee st,2
2383,800 block gifford st,5
2384,800 block glenwood ave,1
2385,800 block grand ave,2
2386,800 block grant blvd,1
2387,800 block harrison st,10
2388,800 block hawley ave,7
2389,800 block hiawatha blvd e,1
2390,800 block hiawatha blvd w,2
2391,800 block hickok ave,2
2392,800 block hickory st,2
2393,800 block highland st,5
2394,800 block hillsboro pkwy,1
2395,800 block hillsdale ave,1
2396,800 block hixson ave,2
2397,800 block hubbell ave,1
2398,800 block irving ave,5
2399,800 block james st,22
2400,800 block jamesville ave,1
2401,800 block john st,3
2402,800 block kimber rd,2
2403,800 block kirk ave,3
2404,800 block kirkpatrick st,2
2405,800 block lambreth ln,1
2406,800 block laurel st e,2
2407,800 block lemoyne ave,9
2408,800 block lillian ave,13
2409,800 block lodi st,3
2410,800 block marcellus st,2
2411,800 block midland ave,3
2412,800 block midler ave s,5
2413,800 block montgomery st,2
2414,800 block monticello dr n,1
2415,800 block mosley dr,1
2416,800 block mountainview ave,1
2417,800 block myrtle st,1
2418,800 block nursery ln,1
2419,800 block oak st,1
2420,800 block oakwood ave,2
2421,800 block old liverpool rd from nb i 81 ramp,1
2422,800 block oneida st,10
2423,800 block onondaga ave,1
2424,800 block onondaga blvd,12
2425,800 block onondaga rd,1
2426,800 block onondaga st,9
2427,800 block ostrander ave,2
2428,800 block oswego st,1
2429,800 block otisco st,2
2430,800 block pacific ave,3
2431,800 block park ave,1
2432,800 block park st,4
2433,800 block plum st,4
2434,800 block plymouth dr,1
2435,800 block pond st,5
2436,800 block presidential plz,8
2437,800 block pulaski st,11
2438,800 block ridgewood dr,1
2439,800 block roberts ave,2
2440,800 block rowland st,1
2441,800 block salina st n,15
2442,800 block salina st s,74
2443,800 block salt springs rd,5
2444,800 block sedgwick dr,1
2445,800 block seeley rd,1
2446,800 block seneca tpke e,1
2447,800 block seymour st,4
2448,800 block skytop rd,2
2449,800 block spring st,1
2450,800 block stafford ave,2
2451,800 block state fair blvd,1
2452,800 block state st n,8
2453,800 block state st s,2
2454,800 block summit ave,1
2455,800 block sunnycrest rd,1
2456,800 block tallman st,2
2457,800 block tennyson ave,2
2458,800 block tompkins st,2
2459,800 block townsend st n,7
2460,800 block tracy st,5
2461,800 block tully st,6
2462,800 block turtle st,2
2463,800 block ulster st,1
2464,800 block university ave,4
2465,800 block university pl,3
2466,800 block valley dr,1
2467,800 block van buren st,1
2468,800 block vine st,2
2469,800 block wadsworth st,7
2470,800 block walnut ave,1
2471,800 block warren st s,3
2472,800 block wendell ter,1
2473,800 block westcott st,5
2474,800 block westmoreland ave,2
2475,800 block whittier ave,2
2476,800 block wilbur ave s,1
2477,800 block wilkinson st,6
2478,800 block willis ave,1
2479,800 block winding ridge rd,1
2480,800 block wolcott ave,1
2481,800 block wolf st,10
2482,800 block woodbine ave,2
2483,800 block woodruff ave,1
2484,900 block allen st,1
2485,900 block arthur st,1
2486,900 block ash st,1
2487,900 block audubon pkwy,1
2488,900 block ballantyne rd,1
2489,900 block barnes ave,2
2490,900 block bear st,4
2491,900 block beattie st,1
2492,900 block beech st s,1
2493,900 block boyden st,3
2494,900 block brighton ave e,2
2495,900 block buckingham ave,1
2496,900 block burnet ave,4
2497,900 block burnet ave n,1
2498,900 block butternut st,16
2499,900 block cannon st,1
2500,900 block carbon st,3
2501,900 block catherine st,7
2502,900 block charmouth dr,1
2503,900 block clarendon st,1
2504,900 block clinton st n,5
2505,900 block clinton st s,60
2506,900 block columbus ave,2
2507,900 block colvin st,1
2508,900 block comstock ave,35
2509,900 block cortland ave,1
2510,900 block court st,8
2511,900 block court st to nb i 81 ramp,1
2512,900 block craddock st,2
2513,900 block crawford ave,1
2514,900 block crouse ave s,9
2515,900 block cumberland ave,1
2516,900 block dakin st,1
2517,900 block danforth st,1
2518,900 block delaware st,2
2519,900 block demong dr,2
2520,900 block dewitt st,2
2521,900 block division st e,13
2522,900 block elm st,1
2523,900 block erie blvd w,13
2524,900 block euclid ave,1
2525,900 block fayette st,1
2526,900 block fellows ave,2
2527,900 block geddes st s,1
2528,900 block genant dr,1
2529,900 block genesee st,3
2530,900 block genesee st e,2
2531,900 block gifford st,6
2532,900 block hamilton st,1
2533,900 block harrison st,4
2534,900 block hawley ave,4
2535,900 block helen st,4
2536,900 block hiawatha blvd w,3
2537,900 block hickory st,3
2538,900 block irving ave,1
2539,900 block james st,26
2540,900 block kingsley pl,3
2541,900 block kirkpatrick st,1
2542,900 block lemoyne ave,2
2543,900 block lodi st,2
2544,900 block madison st,6
2545,900 block mcbride st n,1
2546,900 block midland ave,1
2547,900 block midler ave s,1
2548,900 block montgomery st,1
2549,900 block mosley dr,2
2550,900 block myrtle st,1
2551,900 block nb west street arterial,1
2552,900 block nottingham rd,1
2553,900 block oneida st,1
2554,900 block onondaga lake pkwy to park st ramp,1
2555,900 block onondaga st,20
2556,900 block otisco st,1
2557,900 block park ave,7
2558,900 block park st,1
2559,900 block plymouth dr,4
2560,900 block pond st,1
2561,900 block presidential plz,9
2562,900 block richmond ave,2
2563,900 block roberts ave,2
2564,900 block robinson st,6
2565,900 block rock cut rd,1
2566,900 block salina st n,8
2567,900 block salina st s,20
2568,900 block salisbury park dr,4
2569,900 block salt springs rd,2
2570,900 block second north st,9
2571,900 block seneca tpke e,7
2572,900 block seymour st,1
2573,900 block skytop rd,3
2574,900 block solar st,1
2575,900 block south ave,3
2576,900 block state st s,17
2577,900 block stolp ave,3
2578,900 block sunnycrest rd,1
2579,900 block teall ave,3
2580,900 block thompson rd,6
2581,900 block townsend st n,4
2582,900 block ulster st,2
2583,900 block valley dr,4
2584,900 block vine st,1
2585,900 block walnut ave,8
2586,900 block warren st s,5
2587,900 block west st from eb i 690 ramp,1
2588,900 block west st s,3
2589,900 block westmoreland ave,5
2590,900 block wilbur ave s,1
2591,900 block willow st e,1
2592,900 block wolcott ave,1
2593,900 block wolf st,4